dataset,dataset_name,context_length,method,method_name,n,primary_metric,primary_score_mean,primary_score_std,accuracy_mean,f1_mean,rouge_l_mean,tracked_gb_mean,budget_gb_mean,peak_vram_gb_mean,n_kept_kv_mean,n_skeleton_mean,n_refresh_mean,n_dropped_mean
longbench_gov_report,GovReport,32768,budgeted_recent_kv,Budgeted Recent KV,50,rouge_l,0.170696835752467,0.02923767821775443,0.0,0.1866417833178198,0.170696835752467,0.15223750656,0.15226214772,53.98522473335266,2322.96,0.0,0.0,12663.16
longbench_gov_report,GovReport,32768,budgeted_uniform_kv,Budgeted Uniform KV,50,rouge_l,0.17843805508733715,0.02573912231557446,0.0,0.2010572876393272,0.17843805508733715,0.15223750656,0.15226214772,53.98522469520569,2322.96,0.0,0.0,12663.16
longbench_gov_report,GovReport,32768,duoattention,DuoAttention,50,rouge_l,0.17948665172329917,0.029485202265884396,0.0,0.19446030612551976,0.17948665172329917,0.15223750656,0.15226214772,53.990402421951295,2322.96,0.0,0.0,12663.16
longbench_gov_report,GovReport,32768,full_kv,Full KV,50,rouge_l,0.1900700713009344,0.030789122342227363,0.0,0.21578363812233012,0.1900700713009344,0.98213036032,0.0,53.98522092819214,0.0,0.0,0.0,0.0
longbench_gov_report,GovReport,32768,h2o,H2O,50,rouge_l,0.18424858099270316,0.02850243309835324,0.0,0.21011163176464148,0.18424858099270316,0.15223750656,0.15226214772,55.87460633277893,2322.96,0.0,0.0,12663.16
longbench_gov_report,GovReport,32768,hmo_full,HMO,50,rouge_l,0.17612810234821466,0.028734787846187534,0.0,0.20207039994037296,0.17612810234821466,0.15223750656,0.15226214772,54.090099868774416,2.32,26.96,0.52,0.0
longbench_gov_report,GovReport,32768,pyramidkv_lite,PyramidKV-lite,50,rouge_l,0.17667196945003602,0.02648178077904814,0.0,0.20195620051875837,0.17667196945003602,0.152260608,0.15226214772,53.98522471427918,2323.32,0.0,0.0,12662.8
longbench_gov_report,GovReport,32768,quest_lite,Quest-lite,50,rouge_l,0.184983502667983,0.02635979318839555,0.0,0.20504108908857027,0.184983502667983,0.14998962176,0.15226214772,53.98522469520569,2288.66,0.0,0.0,12697.46
longbench_gov_report,GovReport,32768,sagekv_lite,SAGE-KV-lite,50,rouge_l,0.1755471602076128,0.020721134789790773,0.0,0.1980344757456259,0.1755471602076128,0.15223750656,0.15226214772,53.98522474288941,2322.96,0.0,0.0,12663.16
longbench_gov_report,GovReport,32768,snapkv,SnapKV,50,rouge_l,0.18034042126214275,0.022962916603755275,0.0,0.20108459063063133,0.18034042126214275,0.15223750656,0.15226214772,53.98528081893921,2322.96,0.0,0.0,12663.16
longbench_gov_report,GovReport,32768,streamingllm,StreamingLLM,50,rouge_l,0.170696835752467,0.02923767821775443,0.0,0.1866417833178198,0.170696835752467,0.15223750656,0.15226214772,53.99040238380432,2322.96,0.0,0.0,12663.16
longbench_hotpotqa,HotpotQA,32768,budgeted_recent_kv,Budgeted Recent KV,50,f1,0.5784935064935065,0.4323076065507741,0.44,0.5784935064935065,0.0,0.14995292159999998,0.14997415494,53.9350625038147,2288.1,0.0,0.0,12497.22
longbench_hotpotqa,HotpotQA,32768,budgeted_uniform_kv,Budgeted Uniform KV,50,f1,0.6189624060150376,0.42302027002952103,0.48,0.6189624060150376,0.0,0.14995292159999998,0.14997415494,53.9350625038147,2288.1,0.0,0.0,12497.22
longbench_hotpotqa,HotpotQA,32768,duoattention,DuoAttention,50,f1,0.6472380952380953,0.4245769830224805,0.52,0.6472380952380953,0.0,0.14995292159999998,0.14997415494,53.94015914916992,2288.1,0.0,0.0,12497.22
longbench_hotpotqa,HotpotQA,32768,full_kv,Full KV,50,f1,0.6794603174603174,0.3941521909230918,0.54,0.6794603174603174,0.0,0.96897073152,0.0,53.93506202697754,0.0,0.0,0.0,0.0
longbench_hotpotqa,HotpotQA,32768,h2o,H2O,50,f1,0.6870793650793651,0.39012876659194173,0.52,0.6870793650793651,0.0,0.14995292159999998,0.14997415494,55.79902467727661,2288.1,0.0,0.0,12497.22
longbench_hotpotqa,HotpotQA,32768,hmo_full,HMO,50,f1,0.6740676691729324,0.39900903026891726,0.54,0.6740676691729324,0.0,0.14995292159999998,0.14997415494,54.10059193611145,2.34,25.38,1.2,0.54
longbench_hotpotqa,HotpotQA,32768,pyramidkv_lite,PyramidKV-lite,50,f1,0.6210562770562771,0.40353086180006664,0.46,0.6210562770562771,0.0,0.14997282816,0.14997415494,53.9350625038147,2288.34,0.0,0.0,12496.98
longbench_hotpotqa,HotpotQA,32768,quest_lite,Quest-lite,50,f1,0.6787460317460318,0.39489675098757043,0.54,0.6787460317460318,0.0,0.1478098944,0.14997415494,53.9350625038147,2255.4,0.0,0.0,12529.92
longbench_hotpotqa,HotpotQA,32768,sagekv_lite,SAGE-KV-lite,50,f1,0.6268268398268398,0.40468704636842245,0.46,0.6268268398268398,0.0,0.14995292159999998,0.14997415494,53.9350625038147,2288.1,0.0,0.0,12497.22
longbench_hotpotqa,HotpotQA,32768,snapkv,SnapKV,50,f1,0.6787460317460318,0.39489675098757043,0.54,0.6787460317460318,0.0,0.14995292159999998,0.14997415494,53.93511781692505,2288.1,0.0,0.0,12497.22
longbench_hotpotqa,HotpotQA,32768,streamingllm,StreamingLLM,50,f1,0.5784935064935065,0.4323076065507741,0.44,0.5784935064935065,0.0,0.14995292159999998,0.14997415494,53.94015914916992,2288.1,0.0,0.0,12497.22
longbench_lcc,LCC,32768,budgeted_recent_kv,Budgeted Recent KV,18,accuracy,0.4444444444444444,0.49690399499995325,0.4444444444444444,0.17111630564695698,0.0,0.15746480355555556,0.15749320205555556,54.224076906840004,2402.722222222222,0.0,0.0,13542.833333333334
longbench_lcc,LCC,32768,budgeted_uniform_kv,Budgeted Uniform KV,18,accuracy,0.2777777777777778,0.4479032082388083,0.2777777777777778,0.11474249152092955,0.0,0.15746480355555556,0.15749320205555556,54.224076906840004,2402.722222222222,0.0,0.0,13542.833333333334
longbench_lcc,LCC,32768,duoattention,DuoAttention,18,accuracy,0.2777777777777778,0.4479032082388083,0.2777777777777778,0.13695988056807318,0.0,0.15746480355555556,0.15749320205555556,54.229668299357094,2402.722222222222,0.0,0.0,13542.833333333334
longbench_lcc,LCC,32768,full_kv,Full KV,18,accuracy,0.5,0.5,0.5,0.18688812153808998,0.0,1.045007928888889,0.0,54.224076430002846,0.0,0.0,0.0,0.0
longbench_lcc,LCC,32768,h2o,H2O,18,accuracy,0.2777777777777778,0.4479032082388083,0.2777777777777778,0.09795506651945464,0.0,0.15746480355555556,0.15749320205555556,56.235041565365265,2402.722222222222,0.0,0.0,13542.833333333334
longbench_lcc,LCC,32768,hmo_full,HMO,18,accuracy,0.4444444444444444,0.49690399499995325,0.4444444444444444,0.16630097515187703,0.0,0.15746480355555556,0.15749320205555556,54.419159756766426,2.2222222222222223,28.333333333333332,1.0555555555555556,0.0
longbench_lcc,LCC,32768,pyramidkv_lite,PyramidKV-lite,18,accuracy,0.2222222222222222,0.41573970964154905,0.2222222222222222,0.1151924422510161,0.0,0.15749142755555556,0.15749320205555556,54.224076906840004,2403.222222222222,0.0,0.0,13542.333333333334
longbench_lcc,LCC,32768,quest_lite,Quest-lite,18,accuracy,0.4444444444444444,0.49690399499995325,0.4444444444444444,0.17461783518085083,0.0,0.155123712,0.15749320205555556,54.224076906840004,2367.0,0.0,0.0,13578.555555555555
longbench_lcc,LCC,32768,sagekv_lite,SAGE-KV-lite,18,accuracy,0.3333333333333333,0.4714045207910317,0.3333333333333333,0.11123037510731354,0.0,0.15746480355555556,0.15749320205555556,54.224076906840004,2402.722222222222,0.0,0.0,13542.833333333334
longbench_lcc,LCC,32768,snapkv,SnapKV,18,accuracy,0.4444444444444444,0.49690399499995325,0.4444444444444444,0.17127666684546847,0.0,0.15746480355555556,0.15749320205555556,54.22413653797574,2402.722222222222,0.0,0.0,13542.833333333334
longbench_lcc,LCC,32768,streamingllm,StreamingLLM,18,accuracy,0.4444444444444444,0.49690399499995325,0.4444444444444444,0.17111630564695698,0.0,0.15746480355555556,0.15749320205555556,54.229668299357094,2402.722222222222,0.0,0.0,13542.833333333334
longbench_narrativeqa,NarrativeQA,32768,budgeted_recent_kv,Budgeted Recent KV,50,f1,0.2791061161061161,0.28715729407035856,0.14,0.2791061161061161,0.0,0.20620509184,0.20621872312,55.94257296562195,3146.44,0.0,0.0,19694.8
longbench_narrativeqa,NarrativeQA,32768,budgeted_uniform_kv,Budgeted Uniform KV,50,f1,0.3068215542627307,0.307578932887828,0.2,0.3068215542627307,0.0,0.20620509184,0.20621872312,55.94257296562195,3146.44,0.0,0.0,19694.8
longbench_narrativeqa,NarrativeQA,32768,duoattention,DuoAttention,50,f1,0.29216630428395135,0.3184866081088086,0.16,0.29216630428395135,0.0,0.20620509184,0.20621872312,55.94861932754517,3146.44,0.0,0.0,19694.8
longbench_narrativeqa,NarrativeQA,32768,full_kv,Full KV,50,f1,0.3139782374488257,0.29107642075690604,0.16,0.3139782374488257,0.0,1.49692350464,0.0,55.94257248878479,0.0,0.0,0.0,0.0
longbench_narrativeqa,NarrativeQA,32768,h2o,H2O,50,f1,0.28991481720893486,0.2928884315406074,0.16,0.28991481720893486,0.0,0.20620509184,0.20621872312,58.821534376144406,3146.44,0.0,0.0,19694.8
longbench_narrativeqa,NarrativeQA,32768,hmo_full,HMO,50,f1,0.31616077713136537,0.3144787463179834,0.2,0.31616077713136537,0.0,0.20620509184,0.20621872312,56.172272214889524,2.34,41.4,1.34,0.0
longbench_narrativeqa,NarrativeQA,32768,pyramidkv_lite,PyramidKV-lite,50,f1,0.2934584402525579,0.30520984649664784,0.16,0.2934584402525579,0.0,0.20621787136000003,0.20621872312,55.94257296562195,3146.44,0.0,0.0,19694.8
longbench_narrativeqa,NarrativeQA,32768,quest_lite,Quest-lite,50,f1,0.311751431574961,0.29312551631226524,0.16,0.311751431574961,0.0,0.20377763840000002,0.20621872312,55.94257296562195,3109.4,0.0,0.0,19731.84
longbench_narrativeqa,NarrativeQA,32768,sagekv_lite,SAGE-KV-lite,50,f1,0.308516539016539,0.3128714788952686,0.18,0.308516539016539,0.0,0.20620509184,0.20621872312,55.94257296562195,3146.44,0.0,0.0,19694.8
longbench_narrativeqa,NarrativeQA,32768,snapkv,SnapKV,50,f1,0.3104736537971832,0.2917024492276019,0.16,0.3104736537971832,0.0,0.20620509184,0.20621872312,55.942658233642575,3146.44,0.0,0.0,19694.8
longbench_narrativeqa,NarrativeQA,32768,streamingllm,StreamingLLM,50,f1,0.2791061161061161,0.28715729407035856,0.14,0.2791061161061161,0.0,0.20620509184,0.20621872312,55.94861932754517,3146.44,0.0,0.0,19694.8
longeval_lines,LongEval-Lines,32768,budgeted_recent_kv,Budgeted Recent KV,50,accuracy,0.0,0.0,0.0,0.0,0.0,0.27128496127999996,0.27129806827999997,58.28621395111084,4139.48,0.0,0.0,28109.0
longeval_lines,LongEval-Lines,32768,budgeted_uniform_kv,Budgeted Uniform KV,50,accuracy,0.0,0.0,0.0,0.0,0.0,0.27128496127999996,0.27129806827999997,58.28621395111084,4139.48,0.0,0.0,28109.0
longeval_lines,LongEval-Lines,32768,duoattention,DuoAttention,50,accuracy,0.0,0.0,0.0,0.0,0.0,0.27128496127999996,0.27129806827999997,58.29039812088013,4139.48,0.0,0.0,28109.0
longeval_lines,LongEval-Lines,32768,full_kv,Full KV,50,accuracy,1.0,0.0,1.0,1.0,0.0,2.11343638528,0.0,58.28621347427368,0.0,0.0,0.0,0.0
longeval_lines,LongEval-Lines,32768,h2o,H2O,50,accuracy,0.12,0.32496153618543844,0.12,0.12,0.0,0.27128496127999996,0.27129806827999997,62.34976627349854,4139.48,0.0,0.0,28109.0
longeval_lines,LongEval-Lines,32768,hmo_full,HMO,50,accuracy,1.0,0.0,1.0,1.0,0.0,0.27128496127999996,0.27129806827999997,58.65268115997314,2.0,58.0,3.0,0.0
longeval_lines,LongEval-Lines,32768,pyramidkv_lite,PyramidKV-lite,50,accuracy,0.78,0.4142463035441596,0.78,0.78,0.0,0.27129724928,0.27129806827999997,58.28621395111084,4139.48,0.0,0.0,28109.0
longeval_lines,LongEval-Lines,32768,quest_lite,Quest-lite,50,accuracy,1.0,0.0,1.0,1.0,0.0,0.27003977727999995,0.27129806827999997,58.28621395111084,4120.48,0.0,0.0,28128.0
longeval_lines,LongEval-Lines,32768,sagekv_lite,SAGE-KV-lite,50,accuracy,1.0,0.0,1.0,1.0,0.0,0.27128496127999996,0.27129806827999997,58.28621395111084,4139.48,0.0,0.0,28109.0
longeval_lines,LongEval-Lines,32768,snapkv,SnapKV,50,accuracy,1.0,0.0,1.0,1.0,0.0,0.27128496127999996,0.27129806827999997,58.286334114074705,4139.48,0.0,0.0,28109.0
longeval_lines,LongEval-Lines,32768,streamingllm,StreamingLLM,50,accuracy,0.0,0.0,0.0,0.0,0.0,0.27128496127999996,0.27129806827999997,58.29039812088013,4139.48,0.0,0.0,28109.0
needle,Needle,32768,budgeted_recent_kv,Budgeted Recent KV,50,accuracy,0.08,0.2712931993250107,0.08,0.24333333333333335,0.0,0.25171591168,0.25174212568,59.385451850891116,3840.88,0.0,0.0,28570.0
needle,Needle,32768,budgeted_uniform_kv,Budgeted Uniform KV,50,accuracy,0.04,0.19595917942265423,0.04,0.19066666666666668,0.0,0.25171591168,0.25174212568,59.38547592163086,3840.88,0.0,0.0,28570.0
needle,Needle,32768,duoattention,DuoAttention,50,accuracy,0.0,0.0,0.0,0.13,0.0,0.25171591168,0.25174212568,58.33184869766235,3840.88,0.0,0.0,28570.0
needle,Needle,32768,full_kv,Full KV,50,accuracy,1.0,0.0,1.0,0.9266666666666666,0.0,2.1240794316800002,0.0,59.38545137405396,0.0,0.0,0.0,0.0
needle,Needle,32768,h2o,H2O,50,accuracy,0.78,0.4142463035441596,0.78,0.7366666666666667,0.0,0.25171591168,0.25174212568,62.40884735107422,3840.88,0.0,0.0,28570.0
needle,Needle,32768,hmo_full,HMO,50,accuracy,1.0,0.0,1.0,0.9266666666666666,0.0,0.25171591168,0.25174212568,59.73733070373535,2.0,61.0,1.0,0.0
needle,Needle,32768,pyramidkv_lite,PyramidKV-lite,50,accuracy,0.98,0.13999999999999999,0.98,0.9533333333333334,0.0,0.25174048768,0.25174212568,59.385451850891116,3840.88,0.0,0.0,28570.0
needle,Needle,32768,quest_lite,Quest-lite,50,accuracy,1.0,0.0,1.0,0.9266666666666666,0.0,0.24943263744,0.25174212568,59.385451850891116,3806.04,0.0,0.0,28604.84
needle,Needle,32768,sagekv_lite,SAGE-KV-lite,50,accuracy,1.0,0.0,1.0,0.94,0.0,0.25171591168,0.25174212568,59.385487957000734,3840.88,0.0,0.0,28570.0
needle,Needle,32768,snapkv,SnapKV,50,accuracy,1.0,0.0,1.0,0.9266666666666666,0.0,0.25171591168,0.25174212568,59.3855729675293,3840.88,0.0,0.0,28570.0
needle,Needle,32768,streamingllm,StreamingLLM,50,accuracy,0.08,0.2712931993250107,0.08,0.25333333333333335,0.0,0.25171591168,0.25174212568,58.33184869766235,3840.88,0.0,0.0,28570.0
